metro,zip
Miami,33125
Miami,33126
Miami,33130
Miami,33135
Miami,33144
Miami,33165
Miami,33172
Miami,33174
Miami,33175
Miami,33184
Miami,33185
Miami,33193
Miami,33178
Miami,33122
Hialeah,33010
Hialeah,33012
Hialeah,33013
Hialeah,33014
Hialeah,33015
Hialeah,33016
Hialeah,33018
NYC,10032
NYC,10033
NYC,10040
NYC,10029
NYC,10035
NYC,10451
NYC,10452
NYC,10453
NYC,10454
NYC,10455
NYC,10456
NYC,11368
NYC,11372
NYC,11373
NYC,11220
NYC,11237
Los Angeles,90022
Los Angeles,90023
Los Angeles,90033
Los Angeles,90063
Los Angeles,90006
Los Angeles,90057
Los Angeles,90026
Los Angeles,90255
Los Angeles,90262
Los Angeles,91331
Los Angeles,91342
Los Angeles,91402
Los Angeles,91343
Los Angeles,91335
Los Angeles,91352
Houston,77081
Houston,77036
Houston,77011
Houston,77012
Houston,77023
Houston,77009
Houston,77072
Houston,77080
Houston,77060
Pasadena-TX,77502
Pasadena-TX,77504
San Antonio,78207
San Antonio,78228
San Antonio,78237
San Antonio,78201
San Antonio,78211
San Antonio,78214
San Antonio,78225
San Antonio,78226
Phoenix,85009
Phoenix,85031
Phoenix,85033
Phoenix,85035
Phoenix,85037
Phoenix,85041
Phoenix,85042
Glendale,85301
Mesa,85201
Chicago,60608
Chicago,60623
Chicago,60632
Chicago,60639
Chicago,60629
Chicago,60625
Dallas,75211
Dallas,75224
Dallas,75217
Dallas,75220
Dallas,75229
Irving,75061
Grand Prairie,75050
Garland,75040
San Diego,92173
San Diego,92154
San Diego,92113
San Diego,92105
Chula Vista,91910
Chula Vista,91911
Orlando,32822
Orlando,32837
Kissimmee,34741
Kissimmee,34744
Kissimmee,34746
Tampa,33607
Tampa,33614
Tampa,33615
Tampa,33634
Oakland,94601
Oakland,94621
San Jose,95116
San Jose,95122
San Jose,95127
San Jose,95111
Hayward,94544
San Leandro,94577
El Paso,79901
El Paso,79905
El Paso,79907
El Paso,79915
El Paso,79925
El Paso,79936
McAllen,78501
McAllen,78503
Edinburg,78539
Pharr,78577
Brownsville,78520
Brownsville,78521
Laredo,78040
Laredo,78041
Boston,02128
Boston,02130
Boston,02124
Boston,02125
Boston,02119
Boston,02136
Chelsea,02150
Revere,02151
Everett,02149
Lynn,01902
Lynn,01905
Lawrence,01841
Lawrence,01843
Lowell,01850
Lowell,01852
Worcester,01610
Worcester,01604
Springfield,01105
Springfield,01109
Holyoke,01040
New Bedford,02740
New Bedford,02746
Providence,02909
Providence,02907
Providence,02905
Providence,02908
Central Falls,02863
Pawtucket,02860
Pawtucket,02861
Hartford,06106
Hartford,06114
New Haven,06513
New Haven,06519
New Haven,06511
Bridgeport,06604
Bridgeport,06605
Bridgeport,06607
Stamford,06902
Danbury,06810
